<?xml version="1.0" encoding="UTF-8"?>
        <!--
  ~  Licensed to the Apache Software Foundation (ASF) under one
  ~  or more contributor license agreements.  See the NOTICE file
  ~  distributed with this work for additional information
  ~  regarding copyright ownership.  The ASF licenses this file
  ~  to you under the Apache License, Version 2.0 (the
  ~  "License"); you may not use this file except in compliance
  ~  with the License.  You may obtain a copy of the License at
  ~
  ~   http://www.apache.org/licenses/LICENSE-2.0
  ~
  ~  Unless required by applicable law or agreed to in writing,
  ~  software distributed under the License is distributed on an
  ~   * "AS IS" BASIS, WITHOUT WARRANTIES OR CONDITIONS OF ANY
  ~  KIND, either express or implied.  See the License for the
  ~  specific language governing permissions and limitations
  ~  under the License.
  -->

<!-- Message routing sub artifact of EIP library shipped with the Apache Synapse -->
<artifact name="messageRouting" type="synapse/template">

    <subArtifacts>
        <artifact name="recipient_list">
            <file>template_recipient_list.xml</file>
            <description>Recipient List eip library function</description>
        </artifact>
        <artifact name="callout_block">
            <file>template_callout_block.xml</file>
            <description>Callout Block eip library function</description>
        </artifact>
         <artifact name="scatter_gather">
            <file>template_scatter_gather.xml</file>
            <description>Scatter-Gather eip library function</description>
        </artifact>
         <artifact name="dynamic_router">
            <file>template_dynamic_router.xml</file>
            <description>Dynamic Router eip library function</description>
        </artifact>
         <artifact name="content_based_router">
            <file>template_content_based_router.xml</file>
            <description>Content Based Router eip library function</description>
        </artifact>
        <artifact name="splitter">
            <file>template_splitter.xml</file>
            <description>Splitter library function</description>
        </artifact>
        <artifact name="aggregator">
            <file>template_aggregator.xml</file>
            <description>Aggregator library function</description>
        </artifact>
        <artifact name="splitter_aggregator">
            <file>template_splitter_aggregator.xml</file>
            <description>Splitter_Aggregator library function</description>
        </artifact>
    </subArtifacts>

</artifact>