<?xml version="1.0" encoding="UTF-8"?>
        <!--
  ~  Licensed to the Apache Software Foundation (ASF) under one
  ~  or more contributor license agreements.  See the NOTICE file
  ~  distributed with this work for additional information
  ~  regarding copyright ownership.  The ASF licenses this file
  ~  to you under the Apache License, Version 2.0 (the
  ~  "License"); you may not use this file except in compliance
  ~  with the License.  You may obtain a copy of the License at
  ~
  ~   http://www.apache.org/licenses/LICENSE-2.0
  ~
  ~  Unless required by applicable law or agreed to in writing,
  ~  software distributed under the License is distributed on an
  ~   * "AS IS" BASIS, WITHOUT WARRANTIES OR CONDITIONS OF ANY
  ~  KIND, either express or implied.  See the License for the
  ~  specific language governing permissions and limitations
  ~  under the License.
  -->

<!-- Splitter eip library function template shipped with the Apache Synapse -->
<template xmlns="http://ws.apache.org/ns/synapse" name="splitter">
    <parameter name="iterate_exp"/>
    <parameter name="attach_path" optional="true"/>
    <parameter name="endpoint_uri"/>
    <parameter name="attach_path_enabled" default="false" optional="true"/>
    <sequence>
        <filter xpath="$func:attach_path_enabled='true'">
            <then>
                <iterate xmlns:ns="http://org.apache.synapse/xsd" preservePayload="true" attachPath="$func:attach_path"
                         expression="$func:iterate_exp">
                    <target>
                        <sequence>
                            <header name="To" expression="$func:endpoint_uri"/>
                            <send/>
                        </sequence>
                    </target>
                </iterate>
            </then>
            <else>
                <iterate xmlns:ns="http://org.apache.synapse/xsd" expression="$func:iterate_exp">
                    <target>
                        <sequence>
                            <header name="To" expression="$func:endpoint_uri"/>
                            <send/>
                        </sequence>
                    </target>
                </iterate>
            </else>
        </filter>
    </sequence>
</template>
